<?xml version="1.0" encoding="UTF-8"?>
<project-private xmlns="http://www.netbeans.org/ns/project-private/1">
    <editor-bookmarks xmlns="http://www.netbeans.org/ns/editor-bookmarks/2" lastBookmarkId="0"/>
    <open-files xmlns="http://www.netbeans.org/ns/projectui-open-files/2">
        <group>
            <file>file:/F:/xampp/htdocs/chat.ty/application/views/index.php</file>
            <file>file:/F:/xampp/htdocs/chat.ty/assets/js/jquery-1.8.2.min.js</file>
            <file>file:/F:/xampp/htdocs/chat.ty/assets/css/bootstrap.css</file>
            <file>file:/F:/xampp/htdocs/chat.ty/assets/css/custom.css</file>
            <file>file:/F:/xampp/htdocs/chat.ty/application/views/main.php</file>
            <file>file:/F:/xampp/htdocs/chat.ty/application/controllers/chat.php</file>
            <file>file:/F:/xampp/htdocs/chat.ty/application/views/view_chat.php</file>
        </group>
    </open-files>
</project-private>
