<?xml version="1.0" encoding="UTF-8"?>
<project-private xmlns="http://www.netbeans.org/ns/project-private/1">
    <editor-bookmarks xmlns="http://www.netbeans.org/ns/editor-bookmarks/2" lastBookmarkId="0"/>
    <open-files xmlns="http://www.netbeans.org/ns/projectui-open-files/2">
        <group>
            <file>file:/F:/xampp/htdocs/chat.ty/application/views/index.php</file>
            <file>file:/F:/xampp/htdocs/chat.ty/application/config/config.php</file>
            <file>file:/F:/xampp/htdocs/chat.ty/application/controllers/login.php</file>
            <file>file:/F:/xampp/htdocs/chat.ty/application/config/autoload.php</file>
            <file>file:/F:/xampp/htdocs/chat.ty/assets/css/bootstrap-responsive.css</file>
            <file>file:/F:/xampp/htdocs/chat.ty/application/controllers/users.php</file>
            <file>file:/F:/xampp/htdocs/chat.ty/assets/css/custom.css</file>
            <file>file:/F:/xampp/htdocs/chat.ty/assets/css/bootstrap.css</file>
            <file>file:/F:/xampp/htdocs/chat.ty/application/views/main.php</file>
            <file>file:/F:/xampp/htdocs/chat.ty/application/views/friends_list.php</file>
            <file>file:/F:/xampp/htdocs/chat.ty/application/config/mimes.php</file>
            <file>file:/F:/xampp/htdocs/chat.ty/application/config/smileys.php</file>
        </group>
    </open-files>
</project-private>
