<?xml version="1.0" encoding="UTF-8"?>
<project-private xmlns="http://www.netbeans.org/ns/project-private/1">
    <editor-bookmarks xmlns="http://www.netbeans.org/ns/editor-bookmarks/2" lastBookmarkId="0"/>
    <open-files xmlns="http://www.netbeans.org/ns/projectui-open-files/2">
        <group>
            <file>file:/F:/xampp/htdocs/chat.ty/application/views/success.php</file>
            <file>file:/F:/xampp/htdocs/chat.ty/application/views/registration_form.php</file>
            <file>file:/F:/xampp/htdocs/chat.ty/application/views/members.php</file>
            <file>file:/F:/xampp/htdocs/chat.ty/application/views/v_content.php</file>
        </group>
    </open-files>
</project-private>
